parent,rho,publication,weighted_visits,page_visits,objective
case-056,0,49,210,25,49
case-056,1,96,104,12,200
case-056,4,119,84,10,455
case-056,16,119,84,10,1463
case-056,64,119,84,10,5495
case-062,0,250,1750,77,250
case-062,1,551,652,30,1203
case-062,4,551,652,30,3159
case-062,16,632,632,28,10744
case-062,64,632,632,28,41080
case-068,0,171,820,30,171
case-068,1,283,248,10,531
case-068,4,283,248,10,1275
case-068,16,283,248,10,4251
case-068,64,283,248,10,16155
case-074,0,202,1414,77,202
case-074,1,430,757,44,1187
case-074,4,642,642,28,3210
case-074,16,642,642,28,10914
case-074,64,642,642,28,41730
case-080,0,36,145,30,36
case-080,1,54,47,13,101
case-080,4,75,40,10,235
case-080,16,75,40,10,715
case-080,64,75,40,10,2635
case-086,0,164,1148,98,164
case-086,1,292,399,34,691
case-086,4,356,356,28,1780
case-086,16,356,356,28,6052
case-086,64,356,356,28,23140
case-092,0,252,1225,40,252
case-092,1,386,443,17,829
case-092,4,386,443,17,2158
case-092,16,461,426,15,7277
case-092,64,461,426,15,27725
case-098,0,471,3297,105,471
case-098,1,899,899,35,1798
case-098,4,899,899,35,4495
case-098,16,899,899,35,15283
case-098,64,899,899,35,58435
