id,phase,pairs,baseline_median_ms,certified_median_ms,paired_ratio_median,paired_ratio_min,paired_ratio_max,paired_gain_percent_median,certified_slower_pairs,below_resolution_baseline_pairs
case-000,setup_ms,11,0.000475,0.0041125,8.945945945945947,4.075,10.0,-794.5945945945947,11,0
case-000,checking_ms,11,0.00026250000000000004,0.0005,1.9,1.423076923076923,2.4761904761904763,-89.99999999999999,11,0
case-000,allocation_ms,11,0.0033,0.0035,1.0,0.8378378378378379,3.878787878787879,0.0,5,0
case-000,adapter_ms,11,0.0004,0.00030000000000000003,1.0,0.375,6.666666666666666,0.0,4,0
case-000,native_execution_ms,11,0.000175,0.0001875,1.0714285714285714,0.923076923076923,1.4999999999999998,-7.14285714285714,7,0
case-000,host_batch_envelope_ms,11,0.0002875,0.00030000000000000003,1.0,0.006662628709872805,1.7307692307692308,0.0,5,0
case-000,complete_from_decoded_trace_ms,11,0.0059,0.010100000000000001,1.6724137931034482,0.6214689265536724,2.0,-67.24137931034481,10,0
case-001,setup_ms,11,0.00042500000000000003,0.0034750000000000002,8.294117647058824,7.942857142857143,9.75,-729.4117647058824,11,0
case-001,checking_ms,11,0.0002,0.00042500000000000003,2.125,1.7000000000000002,2.466666666666667,-112.5,11,0
case-001,allocation_ms,11,0.0027,0.0027,1.0,0.8709677419354839,1.4814814814814814,0.0,3,0
case-001,adapter_ms,11,0.00030000000000000003,0.00030000000000000003,0.75,0.375,2.6666666666666665,25.0,3,0
case-001,native_execution_ms,11,0.0001375,0.0001375,1.0,0.8333333333333334,1.0909090909090908,0.0,1,0
case-001,host_batch_envelope_ms,11,0.00025,0.0002375,0.95,0.8260869565217391,1.0,5.000000000000004,0,0
case-001,complete_from_decoded_trace_ms,11,0.0049,0.0086,1.7346938775510206,1.5185185185185186,1.8297872340425532,-73.46938775510206,11,0
case-003,setup_ms,11,0.00045000000000000004,0.004350000000000001,9.63888888888889,8.947368421052632,11.64516129032258,-863.8888888888889,11,0
case-003,checking_ms,11,0.0001875,0.0004,2.1333333333333333,1.6842105263157896,2.466666666666667,-113.33333333333333,11,0
case-003,allocation_ms,11,0.0026000000000000003,0.0026000000000000003,1.0,0.923076923076923,1.0416666666666665,0.0,2,0
case-003,adapter_ms,11,0.00030000000000000003,0.0002,0.6666666666666666,0.6666666666666666,1.0,33.333333333333336,0,0
case-003,native_execution_ms,11,0.0001125,0.000125,1.1111111111111112,1.0,1.2222222222222223,-11.111111111111116,7,0
case-003,host_batch_envelope_ms,11,0.00021250000000000002,0.00021250000000000002,1.0,0.9411764705882353,1.375,0.0,5,0
case-003,complete_from_decoded_trace_ms,11,0.0049,0.0092,1.8775510204081634,1.7647058823529413,2.13953488372093,-87.75510204081634,11,0
case-004,setup_ms,11,0.0005375,0.0061125,11.571428571428571,10.931818181818182,18.27027027027027,-1057.142857142857,11,0
case-004,checking_ms,11,0.00025,0.00048750000000000003,1.9,0.5714285714285714,2.1,-89.99999999999999,10,0
case-004,allocation_ms,11,0.0032,0.0035,1.09375,0.7804878048780488,1.4193548387096773,-9.375,7,0
case-004,adapter_ms,11,0.00030000000000000003,0.00030000000000000003,0.75,0.3333333333333333,2.0,25.0,1,0
case-004,native_execution_ms,11,0.0001625,0.000175,1.0769230769230769,1.0,1.153846153846154,-7.692307692307687,7,0
case-004,host_batch_envelope_ms,11,0.000275,0.0002875,1.0454545454545454,0.9199999999999999,1.4090909090909092,-4.545454545454541,6,0
case-004,complete_from_decoded_trace_ms,11,0.006,0.0118,1.9354838709677418,1.8437499999999998,2.2641509433962264,-93.54838709677418,11,0
case-005,setup_ms,11,0.0005250000000000001,0.00595,11.069767441860465,9.568627450980392,11.75,-1006.9767441860465,11,0
case-005,checking_ms,11,0.00026250000000000004,0.0005125,2.0476190476190474,1.5,3.1,-104.76190476190474,11,0
case-005,allocation_ms,11,0.0033,0.0034000000000000002,1.0333333333333334,0.775,1.2580645161290323,-3.3333333333333437,8,0
case-005,adapter_ms,11,0.0004,0.00030000000000000003,0.75,0.3333333333333333,1.75,25.0,2,0
case-005,native_execution_ms,11,0.000175,0.00015,0.923076923076923,0.6875,1.0,7.692307692307699,0,0
case-005,host_batch_envelope_ms,11,0.000275,0.00026250000000000004,0.9130434782608697,0.8076923076923077,1.1363636363636362,8.695652173913027,1,0
case-005,complete_from_decoded_trace_ms,11,0.006,0.0115,1.9464285714285714,1.8064516129032255,2.145454545454545,-94.64285714285714,11,0
case-056,setup_ms,11,0.0008375,0.0180875,21.26865671641791,20.073529411764707,22.393939393939398,-2026.865671641791,11,0
case-056,checking_ms,11,0.0006625,0.0008625000000000001,1.3333333333333333,1.0615384615384615,1.612244897959184,-33.33333333333333,11,0
case-056,allocation_ms,11,0.0074,0.007500000000000001,1.0135135135135136,0.9294117647058824,1.131578947368421,-1.3513513513513598,7,0
case-056,adapter_ms,11,0.0008,0.0005,0.7142857142857143,0.3846153846153846,1.2857142857142858,28.57142857142857,2,0
case-056,native_execution_ms,11,0.0003375,0.0004125,1.2307692307692308,1.0666666666666667,2.0357142857142856,-23.076923076923084,11,0
case-056,host_batch_envelope_ms,11,0.0005375,0.0006125,1.1521739130434783,1.0416666666666665,1.565217391304348,-15.217391304347828,11,0
case-056,complete_from_decoded_trace_ms,11,0.0122,0.0302,2.4796747967479678,2.3464566929133857,2.765765765765766,-147.96747967479678,11,0
case-120,setup_ms,11,0.0012000000000000001,0.031525000000000004,26.78494623655914,22.160714285714285,256.30769230769226,-2578.494623655914,11,0
case-120,checking_ms,11,0.0013750000000000001,0.0023625,1.7281553398058251,1.4765625,1.9238095238095239,-72.81553398058252,11,0
case-120,allocation_ms,11,0.0143,0.014700000000000001,1.0318471337579616,0.9931506849315069,1.3719512195121952,-3.1847133757961554,9,0
case-120,adapter_ms,11,0.001,0.0008,0.8,0.5,2.0,19.999999999999996,1,0
case-120,native_execution_ms,11,0.0006125,0.0006125,1.0208333333333335,0.9199999999999999,1.259259259259259,-2.083333333333348,7,0
case-120,host_batch_envelope_ms,11,0.0011250000000000001,0.0011250000000000001,0.9893617021276596,0.9278350515463918,1.1954022988505748,1.0638297872340385,4,0
case-120,complete_from_decoded_trace_ms,11,0.0234,0.0548,2.3347826086956522,2.2531645569620253,2.459915611814346,-133.47826086956522,11,0
case-160,setup_ms,11,0.006262500000000001,1.4165,225.4630738522954,217.86909090909091,234.58004158004158,-22446.30738522954,11,0
case-160,checking_ms,11,0.009425000000000001,0.010750000000000001,1.3496062992125983,1.118335500650195,13.292215568862275,-34.96062992125984,11,0
case-160,allocation_ms,11,0.07880000000000001,0.0858,1.094488188976378,0.983510011778563,1.247175141242938,-9.4488188976378,10,0
case-160,adapter_ms,11,0.005200000000000001,0.0028,0.5384615384615384,0.27999999999999997,0.7924528301886794,46.15384615384615,0,0
case-160,native_execution_ms,11,0.0044875,0.0070125,1.5734072022160666,1.4577656675749318,1.8699999999999999,-57.34072022160666,11,0
case-160,host_batch_envelope_ms,11,0.0059375,0.0084125,1.3979591836734695,0.06808768562481059,1.665,-39.79591836734695,10,0
case-160,complete_from_decoded_trace_ms,11,0.1139,1.5612000000000001,13.555651423641072,1.4558850117519435,15.61252268602541,-1255.5651423641073,11,0
case-184,setup_ms,11,0.02215,20.7032375,947.3292273236283,362.60048426150115,1548.9759036144578,-94632.92273236283,11,0
case-184,checking_ms,11,0.01165,0.017650000000000002,1.534136546184739,0.08379446640316206,1.9231754161331625,-53.41365461847389,10,0
case-184,allocation_ms,11,0.2897,0.3108,1.0645495340006903,0.5102951269732326,1.5881508078994613,-6.45495340006903,8,0
case-184,adapter_ms,11,0.019,0.005200000000000001,0.2832369942196532,0.18978102189781024,0.48717948717948717,71.67630057803468,0,0
case-184,native_execution_ms,11,0.0206,0.028675,1.4047330097087378,1.1177884615384617,1.4973856209150327,-40.47330097087378,11,0
case-184,host_batch_envelope_ms,11,0.0235,0.031400000000000004,1.33031914893617,1.0731394354148844,1.4457636265515381,-33.03191489361701,11,0
case-184,complete_from_decoded_trace_ms,11,0.3755,20.8128,55.42689747003995,7.386218630370056,62.69107929515418,-5442.689747003995,11,0
case-196,setup_ms,11,0.00295,41.82705,14231.16595744681,1225.343657817109,16762.495762711864,-1423016.595744681,11,0
case-196,checking_ms,11,0.015425000000000001,0.056087500000000005,3.4854132901134522,0.27037914691943127,3.7622739018087854,-248.54132901134523,10,0
case-196,allocation_ms,11,0.15960000000000002,0.19940000000000002,1.2563131313131313,1.131765992345544,1.5714285714285714,-25.631313131313128,11,0
case-196,adapter_ms,11,0.0212,0.008700000000000001,0.4220183486238532,0.1085383502170767,0.6635071090047393,57.79816513761469,0,0
case-196,native_execution_ms,11,0.0759375,0.1779625,2.350224289749128,2.0623834791338016,2.47973768286531,-135.0224289749128,11,0
case-196,host_batch_envelope_ms,11,0.082775,0.1854625,2.2481628903857933,1.9785088882992836,2.343198895874866,-124.81628903857933,11,0
case-196,complete_from_decoded_trace_ms,11,0.3526,42.1109,121.48135095447871,17.505746644295304,128.89002162496135,-12048.135095447871,11,0
case-199,setup_ms,11,0.002925,31.593675,11742.939252336448,10274.365853658537,13186.350467289718,-1174193.9252336447,11,0
case-199,checking_ms,11,0.01545,0.0268375,1.7328490718321226,1.6738265712012728,1.8588334742180896,-73.28490718321225,11,0
case-199,allocation_ms,11,0.2033,0.2281,1.1169335274138767,0.5418660287081339,1.3014018691588785,-11.693352741387674,10,0
case-199,adapter_ms,11,0.0109,0.0039000000000000003,0.3577981651376147,0.16751269035532992,0.4333333333333333,64.22018348623853,0,0
case-199,native_execution_ms,11,0.0701,0.0898,1.2801291248206599,1.1612851146270586,1.3299537531127712,-28.01291248206599,11,0
case-199,host_batch_envelope_ms,11,0.0770625,0.09733750000000001,1.2597233523189584,0.47658242522606076,1.2936219431592861,-25.972335231895837,10,0
case-199,complete_from_decoded_trace_ms,11,0.3528,31.989500000000003,90.46596710153148,30.708937314005954,101.82424431287006,-8946.596710153148,11,0
native-wide-repeat,setup_ms,11,0.0029125,4.2162125,1534.644859813084,1352.0653061224489,2993.3125,-153364.4859813084,11,0
native-wide-repeat,checking_ms,11,0.0024000000000000002,0.015600000000000001,6.523809523809524,6.263959390862944,785.8833333333333,-552.3809523809524,11,0
native-wide-repeat,allocation_ms,11,0.4152,0.4504,1.0648033638387335,0.9090177133655394,1.3451113262342693,-6.480336383873353,9,0
native-wide-repeat,adapter_ms,11,0.0115,0.0019,0.1727272727272727,0.07885304659498207,0.225,82.72727272727273,0,0
native-wide-repeat,native_execution_ms,11,0.3053625,0.30855,0.9953339980059821,0.9691610870421425,1.1261312912076662,0.4666001994017899,4,0
native-wide-repeat,host_batch_envelope_ms,11,0.3264125,0.3307625,0.9934874759152216,0.9703644080199034,1.1132769118829702,0.6512524084778426,4,0
native-wide-repeat,complete_from_decoded_trace_ms,11,1.0601,5.0234000000000005,4.6486180549004805,0.5358291054739652,5.698923550087873,-364.861805490048,9,0
native-wide-rotate,setup_ms,11,0.001675,2.8820625,1670.7608695652173,644.4113924050633,2148.965517241379,-166976.08695652173,11,0
native-wide-rotate,checking_ms,11,0.0015,0.0057625,3.8833333333333333,3.136054421768707,4.785714285714286,-288.3333333333333,11,0
native-wide-rotate,allocation_ms,11,0.8438,0.8919,1.0580706328513867,0.9793631421280373,1.1215166742804934,-5.807063285138669,10,0
native-wide-rotate,adapter_ms,11,0.0017000000000000001,0.0015,0.9,0.5599999999999999,1.5333333333333332,9.999999999999998,4,0
native-wide-rotate,native_execution_ms,11,0.1893875,0.575425,3.017782772525947,2.8397555804963215,4.437936772046589,-201.7782772525947,11,0
native-wide-rotate,host_batch_envelope_ms,11,0.2042875,0.5906125,2.8774233128834354,2.7199697955390336,4.186517961673548,-187.74233128834354,11,0
native-wide-rotate,complete_from_decoded_trace_ms,11,1.2455,2.9368000000000003,2.394460056202328,2.2644407868955247,3.124490552056317,-139.44600562023282,11,0
native-wide-recycle,setup_ms,11,0.0018125,1.1941625,674.6131386861314,578.7453416149068,2120.6935483870966,-67361.31386861314,11,0
native-wide-recycle,checking_ms,11,0.0016625000000000001,0.00585,3.5833333333333335,2.9615384615384617,4.0,-258.33333333333337,11,0
native-wide-recycle,allocation_ms,11,0.8762000000000001,0.9142,1.0284151547491995,0.954578678082907,1.2072329907636268,-2.8415154749199534,9,0
native-wide-recycle,adapter_ms,11,0.0024000000000000002,0.0015,0.625,0.34375,1.2380952380952381,37.5,1,0
native-wide-recycle,native_execution_ms,11,0.2060375,0.2798875,1.3570376733341516,0.8658961802154749,1.4208690330477356,-35.70376733341516,10,0
native-wide-recycle,host_batch_envelope_ms,11,0.22182500000000002,0.29575,1.3316047412810577,0.8716551595446911,1.3917643044022296,-33.16047412810577,10,0
native-wide-recycle,complete_from_decoded_trace_ms,11,1.2774,2.5855,1.9821373811714198,1.9109255898366606,2.4241308058575153,-98.21373811714199,11,0
